{
  "friendly": 3.1732821169440886,
  "trustworthy": 2.998008251529378,
  "confident": 3.246976810357092,
  "competent": 3.1613316261203583,
  "wealthy": 2.8585858585858586,
  "conservative": 2.764973680466638,
  "religious": 2.926305306586997
}